artifact_id,artifact_type,output_path,source_script,input_data,git_commit,generated_at,qa_status,notes
design_matrix_border_defense,table,data/raw/design/2026-10-05_deepseek_main__tasks__border_defense.csv,data/collection/01_build_design_matrix.py,data/collection/config/scenarios.yaml,,,pending,"冻结的随机任务矩阵（主任务 + 锚点）；跑数据前生成后不再改动"
design_matrix_disease_diagnosis,table,data/raw/design/2026-10-05_deepseek_main__tasks__disease_diagnosis.csv,data/collection/01_build_design_matrix.py,data/collection/config/scenarios.yaml,,,pending,"同上，第二个情景"
attribute_metadata,table,data/raw/design/attribute_metadata.csv,data/collection/01_build_design_matrix.py,data/collection/config/scenarios.yaml,,,pending,"属性/水平字典，含 dominance_rank，供清洗与分析脚本读取"
session_plan,table,data/raw/design/2026-10-05_deepseek_main__session_plan.csv,data/collection/01_build_design_matrix.py,data/collection/config/experiment.yaml,,,pending,"单元 × 时段的任务索引区间与配额，三个时段互不重叠"
design_manifest,other,data/raw/design/2026-10-05_deepseek_main__design_manifest.json,data/collection/01_build_design_matrix.py,data/collection/config/experiment.yaml,,,pending,"种子、配置指纹、随机化诊断（有序对均匀性、被支配方案占比、自然重复数）"
legal_texts,other,data/raw/legal_texts/*.txt,data/collection/02_build_legal_texts.py,../ai legal text + 官方页面,,,pending,"treatment 材料（CN/US 两份纯文本，命名 {法域}_{简称}_{年份}.txt）；来源登记在 config/legal_texts.yaml"
raw_responses,data,data/raw/responses/{run_id}__{session}.jsonl,data/collection/03_run_experiment.py,data/raw/design + data/raw/legal_texts + config/prompts.yaml,,,pending,"原始响应，一行一次调用；只追加不重写；投稿时打包发布"
prompt_archive,other,data/raw/responses/_prompt_archive.jsonl,data/collection/03_run_experiment.py,config/prompts.yaml + data/raw/legal_texts,,,pending,"提示词前缀归档（含法规全文），避免在每个响应行里重复内嵌"
choice_panel,data,outputs/data/choice_panel.parquet,source/cleaning/01_parse_responses.py,data/raw/responses/*.jsonl,,,pending,"每次调用一行，含解析结果、文本框架词频、可用性标记"
parse_audit_sample,other,outputs/other/parse_audit_sample.csv,source/cleaning/01_parse_responses.py,data/raw/responses/*.jsonl,,,pending,"人工核对解析准确率的抽样表，论文附录需要报告该准确率"
choice_long,data,outputs/data/choice_long.parquet,source/cleaning/02_build_analysis_data.py,outputs/data/choice_panel.parquet,,,pending,"调用 × 属性 长表，含重复任务分组"
choice_option_long,data,outputs/data/choice_option_long.parquet,source/cleaning/02_build_analysis_data.py,outputs/data/choice_long.parquet,,,pending,"调用 × 方案 × 属性 长表，AMCE 回归的标准输入"
amce_by_cell,table,outputs/tables/amce_by_cell.csv,source/analysis/02_conjoint_amce.py,outputs/data/choice_option_long.parquet,,,pending,"各单元的 AMCE（聚类标准误），论文主表"
amce_treatment_effect,table,outputs/tables/amce_treatment_effect.csv,source/analysis/02_conjoint_amce.py,outputs/data/choice_option_long.parquet,,,pending,"generic vs government 交互项 = treatment 效应，论文核心参数"
amce_jurisdiction_effect,table,outputs/tables/amce_jurisdiction_effect.csv,source/analysis/02_conjoint_amce.py,outputs/data/choice_option_long.parquet,,,pending,"government 内部 CN vs US 的法域效应（探索性）"
anchor_consistency,table,outputs/tables/anchor_consistency.csv,source/analysis/03_variance_checks.py,outputs/data/choice_panel.parquet,,,pending,"同任务重复 12 次的一致性，回应 identical 回应问题"
session_effects,table,outputs/tables/session_effects.csv,source/analysis/03_variance_checks.py,outputs/data/choice_panel.parquet,,,pending,"控制任务构成后的早/中/晚时段效应"
order_effects,table,outputs/tables/order_effects.csv,source/analysis/03_variance_checks.py,outputs/data/choice_panel.parquet,,,pending,"同一对方案在不同属性行序下的选择一致性"
text_frameworks,table,outputs/tables/text_frameworks.csv,source/analysis/04_text_analysis.py,outputs/data/choice_panel.parquet,,,pending,"解释文本的话语框架分布，按条件对比"
text_descriptives,table,outputs/tables/text_descriptives.csv,source/analysis/04_text_analysis.py,outputs/data/choice_panel.parquet,,,pending,"解释长度、超 50 词比例、拒答比例等"
