run_id,cell_id,condition,scenario,jurisdiction,session_label,local_window,task_index_start,task_index_end,n_tasks,n_anchor_calls
2026-10-05_deepseek_main,generic__border_defense,generic,border_defense,,morning,08:00-11:00,0,334,334,20
2026-10-05_deepseek_main,generic__border_defense,generic,border_defense,,afternoon,13:00-17:00,334,667,333,20
2026-10-05_deepseek_main,generic__border_defense,generic,border_defense,,evening,20:00-23:30,667,1000,333,20
2026-10-05_deepseek_main,generic__disease_diagnosis,generic,disease_diagnosis,,morning,08:00-11:00,0,334,334,20
2026-10-05_deepseek_main,generic__disease_diagnosis,generic,disease_diagnosis,,afternoon,13:00-17:00,334,667,333,20
2026-10-05_deepseek_main,generic__disease_diagnosis,generic,disease_diagnosis,,evening,20:00-23:30,667,1000,333,20
2026-10-05_deepseek_main,government__border_defense__CN,government,border_defense,CN,morning,08:00-11:00,0,167,167,20
2026-10-05_deepseek_main,government__border_defense__CN,government,border_defense,CN,afternoon,13:00-17:00,167,333,166,20
2026-10-05_deepseek_main,government__border_defense__CN,government,border_defense,CN,evening,20:00-23:30,333,500,167,20
2026-10-05_deepseek_main,government__border_defense__US,government,border_defense,US,morning,08:00-11:00,0,167,167,20
2026-10-05_deepseek_main,government__border_defense__US,government,border_defense,US,afternoon,13:00-17:00,167,333,166,20
2026-10-05_deepseek_main,government__border_defense__US,government,border_defense,US,evening,20:00-23:30,333,500,167,20
2026-10-05_deepseek_main,government__disease_diagnosis__CN,government,disease_diagnosis,CN,morning,08:00-11:00,0,167,167,20
2026-10-05_deepseek_main,government__disease_diagnosis__CN,government,disease_diagnosis,CN,afternoon,13:00-17:00,167,333,166,20
2026-10-05_deepseek_main,government__disease_diagnosis__CN,government,disease_diagnosis,CN,evening,20:00-23:30,333,500,167,20
2026-10-05_deepseek_main,government__disease_diagnosis__US,government,disease_diagnosis,US,morning,08:00-11:00,0,167,167,20
2026-10-05_deepseek_main,government__disease_diagnosis__US,government,disease_diagnosis,US,afternoon,13:00-17:00,167,333,166,20
2026-10-05_deepseek_main,government__disease_diagnosis__US,government,disease_diagnosis,US,evening,20:00-23:30,333,500,167,20
